,0,1,2,3
0,epoch,training_loss,q_per_epoch,rmse_ep
1,1,3.5096330642700195,0.2930554449558258,5.8424357121111825e-05
2,2,3.2114315032958984,0.29331985116004944,5.9223893913440406e-05
3,3,3.352755069732666,0.29323217272758484,5.9707781474571675e-05
4,4,3.0570504665374756,0.29275527596473694,5.8739347878145054e-05
5,5,3.264604330062866,0.2931700348854065,5.868979496881366e-05
6,6,3.2294118404388428,0.29278361797332764,5.837835487909615e-05
7,7,3.4788966178894043,0.2928537130355835,5.872207475476898e-05
8,8,3.277703285217285,0.2938690781593323,5.9037800383521244e-05
9,9,2.6296231746673584,0.2942464351654053,5.8359935792395845e-05
10,10,3.9164974689483643,0.2941126227378845,5.864161721547134e-05
11,11,3.0935211181640625,0.29457324743270874,5.811793016619049e-05
12,12,3.3651161193847656,0.29414376616477966,5.877837247680873e-05
13,13,2.741272449493408,0.294106125831604,5.787311238236725e-05
14,14,2.979896306991577,0.2944287955760956,5.870939639862627e-05
15,15,2.720235586166382,0.2945719361305237,5.8172812714474276e-05
16,16,3.1260032653808594,0.2948843240737915,5.8202411310048774e-05
17,17,2.7870984077453613,0.29563263058662415,5.885524660698138e-05
18,18,3.116095542907715,0.2956300377845764,6.003648741170764e-05
19,19,2.891293525695801,0.29608356952667236,5.8436628023628145e-05
20,20,2.5225069522857666,0.2969419062137604,5.8755529607879e-05
21,21,2.9871699810028076,0.2964456379413605,5.9023252106271684e-05
22,22,3.264274835586548,0.29645732045173645,5.8439607528271154e-05
23,23,3.3763587474823,0.29698285460472107,5.882320328964852e-05
24,24,3.0092053413391113,0.2972553074359894,5.999184577376582e-05
25,25,3.399169445037842,0.2975068688392639,5.9989510191371664e-05
26,26,2.9683048725128174,0.2973117530345917,5.898231393075548e-05
27,27,3.1985366344451904,0.2972310185432434,5.923349453951232e-05
28,28,2.9213457107543945,0.29729482531547546,5.852288086316548e-05
29,29,2.930487632751465,0.2973727583885193,5.8827321481658146e-05
30,30,2.801581621170044,0.297229140996933,5.874093767488375e-05
31,31,2.801039457321167,0.29726970195770264,5.9552145103225484e-05
32,32,2.6868040561676025,0.29755449295043945,5.8817840908886865e-05
33,33,2.647581100463867,0.2977425456047058,5.8876532420981675e-05
34,34,2.968060255050659,0.29760992527008057,5.883713311050087e-05
35,35,2.7108407020568848,0.2987585961818695,5.774611054221168e-05
36,36,2.8570330142974854,0.29890263080596924,5.8376223023515195e-05
37,37,2.5733938217163086,0.2988274097442627,5.881182732991874e-05
38,38,2.995408773422241,0.29874828457832336,5.84285517106764e-05
39,39,2.284236192703247,0.2986840605735779,6.011899677105248e-05
40,40,2.736727476119995,0.2984653115272522,5.8735742641147226e-05
41,41,2.5478270053863525,0.2986874580383301,5.87188005738426e-05
42,42,3.169832706451416,0.2991583049297333,5.8846762840403244e-05
43,43,2.915051221847534,0.2991335988044739,5.901651820749976e-05
44,44,2.490118980407715,0.29980313777923584,5.80629421165213e-05
45,45,2.499549150466919,0.2993611693382263,5.910914114792831e-05
46,46,2.3535637855529785,0.29906219244003296,5.839188816025853e-05
47,47,2.94796085357666,0.2991318702697754,5.859069278812967e-05
48,48,2.8974030017852783,0.2990800738334656,5.850936213391833e-05
49,49,2.438117742538452,0.29920125007629395,5.8125206123804674e-05
50,50,2.3721706867218018,0.29952743649482727,5.876676004845649e-05
51,51,2.424001932144165,0.29962337017059326,5.861402314621955e-05
52,52,3.024787425994873,0.29949289560317993,5.940147821092978e-05
53,53,2.6627485752105713,0.2999087870121002,5.9009955293731764e-05
54,54,2.2944726943969727,0.2996157109737396,5.84760018682573e-05
55,55,2.4521782398223877,0.29930564761161804,5.86718633712735e-05
56,56,2.7047295570373535,0.29959407448768616,5.8367102610645816e-05
57,57,2.5155014991760254,0.29956763982772827,5.949246042291634e-05
58,58,2.502190589904785,0.3001251816749573,5.936806701356545e-05
59,59,2.3708224296569824,0.30024954676628113,5.844902989338152e-05
60,60,2.370028495788574,0.3006271421909332,5.846309068147093e-05
61,61,2.428079605102539,0.3003404140472412,5.850546949659474e-05
62,62,2.4405760765075684,0.3009389638900757,5.8460733271203935e-05
63,63,2.526442050933838,0.3012040853500366,5.8990452089346945e-05
64,64,2.1812732219696045,0.3010614812374115,5.839504592586309e-05
65,65,2.5080628395080566,0.30143505334854126,5.809836875414476e-05
66,66,2.768557071685791,0.30128201842308044,5.858033546246588e-05
67,67,2.8597614765167236,0.3010144829750061,5.903386409045197e-05
68,68,2.5867269039154053,0.300897479057312,5.9011894336435944e-05
69,69,2.551875114440918,0.30098044872283936,5.870719542144798e-05
70,70,2.3128552436828613,0.3007991909980774,5.93217700952664e-05
71,71,2.29089617729187,0.3006626069545746,5.9242960560368374e-05
72,72,2.34781551361084,0.3011254668235779,5.806142871733755e-05
73,73,2.6148760318756104,0.3010614216327667,5.881285687792115e-05
74,74,2.2271511554718018,0.30116650462150574,5.886486906092614e-05
75,75,2.4302077293395996,0.3017198145389557,5.844745101057924e-05
76,76,2.6982550621032715,0.30190911889076233,5.917137968936004e-05
77,77,2.1743173599243164,0.3021332919597626,5.887663064640947e-05
78,78,2.5321247577667236,0.30216047167778015,5.902129487367347e-05
79,79,2.6985509395599365,0.3019653260707855,5.783868255093694e-05
80,80,2.355970621109009,0.3016866445541382,5.911355037824251e-05
81,81,2.133340358734131,0.30215513706207275,5.8604488003766164e-05
82,82,2.143899440765381,0.301983118057251,5.8685607655206695e-05
83,83,2.2833430767059326,0.3022727370262146,5.849288936587982e-05
84,84,2.2084970474243164,0.302234411239624,5.849629087606445e-05
85,85,2.2855656147003174,0.3021840453147888,5.859871816937812e-05
86,86,2.054192543029785,0.30243340134620667,5.8495796110946685e-05
87,87,2.1906354427337646,0.30236396193504333,5.866338324267417e-05
88,88,2.178713321685791,0.30223801732063293,5.8464487665332854e-05
89,89,2.36094331741333,0.30257105827331543,5.851997048011981e-05
90,90,2.2004241943359375,0.3026576340198517,5.8250858273822814e-05
91,91,2.458263397216797,0.3028169274330139,5.916935333516449e-05
92,92,2.274425506591797,0.302397221326828,5.897802111576311e-05
93,93,2.236811637878418,0.30261579155921936,5.830382360727526e-05
94,94,2.4165291786193848,0.3025996685028076,5.875228816876188e-05
95,95,2.0369043350219727,0.3027011454105377,5.913453424000181e-05
96,96,2.263338804244995,0.3025367856025696,5.847478314535692e-05
97,97,2.3511970043182373,0.3032394349575043,5.8496047131484374e-05
98,98,2.0736539363861084,0.30346760153770447,5.8589226682670414e-05
99,99,2.0805203914642334,0.3038330674171448,5.864264676347375e-05
100,100,2.0889546871185303,0.30378562211990356,5.856790448888205e-05
101,101,2.055100679397583,0.3038586676120758,5.924021752434783e-05
102,102,2.173527956008911,0.30406656861305237,5.8759873354574665e-05
103,103,2.1896426677703857,0.30398479104042053,5.8578792959451675e-05
104,104,2.4287455081939697,0.3032684624195099,5.8378700487082824e-05
105,105,2.132587432861328,0.3034745454788208,5.8315181377111e-05
106,106,2.2945306301116943,0.3032648265361786,5.783960659755394e-05
107,107,2.3950297832489014,0.3032319247722626,5.9715712268371135e-05
108,108,2.479604959487915,0.3030759394168854,5.855633207829669e-05
109,109,2.2300167083740234,0.303262323141098,5.921043339185417e-05
110,110,2.0164828300476074,0.3037295639514923,5.844427869305946e-05
111,111,1.971497893333435,0.3038807809352875,5.933337888563983e-05
112,112,2.144439697265625,0.3039008378982544,5.845095438417047e-05
113,113,1.962888479232788,0.3041476905345917,5.8383764553582296e-05
114,114,2.074605941772461,0.30394288897514343,5.846309068147093e-05
115,115,2.0053443908691406,0.30381646752357483,5.852568938280456e-05
116,116,2.4827637672424316,0.30408257246017456,5.837686330778524e-05
117,117,2.0661933422088623,0.30410221219062805,5.8437417465029284e-05
118,118,1.9025743007659912,0.3044582009315491,5.840625090058893e-05
119,119,2.0432140827178955,0.3042501211166382,5.839034201926552e-05
120,120,2.2048537731170654,0.30441468954086304,5.8870904467767105e-05
121,121,2.0257740020751953,0.3043985962867737,5.8773697674041614e-05
122,122,2.1848878860473633,0.30465465784072876,5.855783456354402e-05
123,123,1.928592324256897,0.30447202920913696,5.8334480854682624e-05
124,124,2.023813247680664,0.3046301603317261,5.838098513777368e-05
125,125,2.033590316772461,0.30445781350135803,5.895350841456093e-05
126,126,1.9228920936584473,0.30499446392059326,5.922449054196477e-05
127,127,2.08750319480896,0.3046928644180298,5.90783056395594e-05
128,128,2.0527234077453613,0.3047155737876892,5.872035399079323e-05
129,129,1.9839255809783936,0.3046852648258209,5.849530498380773e-05
130,130,2.0026276111602783,0.30467259883880615,5.863646947545931e-05
131,131,2.108327627182007,0.3049405813217163,5.832911847392097e-05
132,132,2.2131378650665283,0.30519193410873413,5.872997280675918e-05
133,133,2.1350438594818115,0.3051329255104065,5.8732981415232643e-05
134,134,2.2872538566589355,0.3048896789550781,5.891326509299688e-05
135,135,2.0079026222229004,0.30455633997917175,5.8405494200997055e-05
136,136,2.00960373878479,0.30432966351509094,5.8445395552553236e-05
137,137,1.9340022802352905,0.30480048060417175,5.829395740875043e-05
138,138,1.982480525970459,0.30487295985221863,5.833871546201408e-05
139,139,2.04183292388916,0.3049871623516083,5.872855763300322e-05
140,140,2.1851654052734375,0.30474334955215454,5.888888335903175e-05
141,141,1.9453667402267456,0.3052379786968231,5.8556677686283365e-05
142,142,1.7999200820922852,0.3056076765060425,5.82934808335267e-05
143,143,2.042062520980835,0.30535948276519775,5.837660137331113e-05
144,144,1.8643444776535034,0.3056718707084656,5.9125311963725835e-05
145,145,2.1116886138916016,0.30552008748054504,5.847852662554942e-05
146,146,1.9571717977523804,0.305871844291687,5.9119422076037154e-05
147,147,1.9837477207183838,0.3065130412578583,5.878553201910108e-05
148,148,1.9833478927612305,0.3060819208621979,5.8489742514211684e-05
149,149,2.314979076385498,0.3061312735080719,5.8665980759542435e-05
150,150,2.3208038806915283,0.3054962456226349,5.904309728066437e-05
151,151,2.0546469688415527,0.30522865056991577,5.832023452967405e-05
152,152,2.033508539199829,0.30545005202293396,5.9297657571733e-05
153,153,2.040735960006714,0.3054760992527008,5.858626536792144e-05
154,154,2.0424177646636963,0.30541232228279114,5.8453977544559166e-05
155,155,1.9525130987167358,0.3054978847503662,5.831660746480338e-05
156,156,1.7729564905166626,0.3053220212459564,5.8305835409555584e-05
157,157,1.9728089570999146,0.3056175112724304,5.871279427083209e-05
158,158,2.2386531829833984,0.3059134781360626,5.9647099988069385e-05
159,159,2.0334887504577637,0.30548277497291565,5.8328005252406e-05
160,160,2.0108397006988525,0.3053028881549835,5.8838042605202645e-05
161,161,2.0402238368988037,0.3058212399482727,5.840895028086379e-05
162,162,2.0522449016571045,0.30585506558418274,5.8528908994048834e-05
163,163,1.8633131980895996,0.3061408996582031,5.852044705534354e-05
164,164,2.0100584030151367,0.3060808479785919,5.886918006581254e-05
165,165,1.9348034858703613,0.30611252784729004,5.850735033163801e-05
166,166,1.9143003225326538,0.3063807189464569,5.8508594520390034e-05
167,167,1.9294395446777344,0.30652686953544617,5.860628516529687e-05
168,168,1.829049825668335,0.3067696988582611,5.874580529052764e-05
169,169,1.864916205406189,0.30662205815315247,5.8362362324260175e-05
170,170,1.9348220825195312,0.30646833777427673,5.871553366887383e-05
171,171,1.762848973274231,0.30659952759742737,5.869445521966554e-05
172,172,2.02059268951416,0.3067578971385956,5.852633694303222e-05
173,173,1.7289299964904785,0.3066982328891754,5.8658213674789295e-05
174,174,2.025620460510254,0.306631863117218,5.8869729400612414e-05
175,175,1.7370390892028809,0.3067854344844818,5.8511534007266164e-05
176,176,1.9621118307113647,0.3067348897457123,5.8517423894954845e-05
177,177,1.845870852470398,0.30665528774261475,5.851742753293365e-05
178,178,1.9110976457595825,0.30663105845451355,5.851042442373e-05
179,179,1.9657608270645142,0.30651840567588806,5.867219078936614e-05
180,180,1.9317795038223267,0.3064154386520386,5.8550060202833265e-05
181,181,1.9408838748931885,0.30669790506362915,5.848351793247275e-05
182,182,1.8388506174087524,0.3069304823875427,5.835641422891058e-05
183,183,1.8372752666473389,0.3070342242717743,5.848245928063989e-05
184,184,1.7950516939163208,0.3070884048938751,5.838504512212239e-05
185,185,1.838228464126587,0.3072498142719269,5.8413923397893086e-05
186,186,1.8157039880752563,0.3072259724140167,5.8216508477926254e-05
187,187,2.0029664039611816,0.3072977364063263,5.903045894228853e-05
188,188,1.8009605407714844,0.30705809593200684,5.862943362444639e-05
189,189,1.768235206604004,0.30714404582977295,5.8531961258267984e-05
190,190,1.687063455581665,0.30742543935775757,5.840376252308488e-05
191,191,2.0750057697296143,0.3071955144405365,5.948379111941904e-05
192,192,2.0612599849700928,0.3069780170917511,5.846478234161623e-05
193,193,2.0571720600128174,0.30726802349090576,5.850282832398079e-05
194,194,2.0028421878814697,0.30677762627601624,5.848634827998467e-05
195,195,1.695989966392517,0.30701667070388794,5.8441306464374065e-05
196,196,1.7875789403915405,0.3072660267353058,5.838821016368456e-05
197,197,1.9283593893051147,0.307065486907959,5.878649972146377e-05
198,198,1.985493779182434,0.3071429431438446,5.8446948969503865e-05
199,199,1.9228026866912842,0.30749666690826416,5.8479097788222134e-05
200,200,1.8544361591339111,0.3072289526462555,5.861127283424139e-05
201,201,1.7915406227111816,0.30744805932044983,5.9456990129547194e-05
202,202,1.744043231010437,0.30739712715148926,5.862085163244046e-05
203,203,1.783693790435791,0.30771803855895996,5.8785906730918214e-05
204,204,1.8398710489273071,0.30754873156547546,5.88457660342101e-05
205,205,1.6894258260726929,0.3076421916484833,5.9041940403403714e-05
206,206,1.7724374532699585,0.3076263666152954,5.87696886213962e-05
207,207,1.8423807621002197,0.30752602219581604,5.875451097381301e-05
208,208,1.7970446348190308,0.307788223028183,5.873617192264646e-05
209,209,1.7680187225341797,0.30780547857284546,5.857907308381982e-05
210,210,1.7900581359863281,0.30800580978393555,5.863830301677808e-05
211,211,1.7728493213653564,0.3077753782272339,5.8393361541675404e-05
212,212,1.9061062335968018,0.30783021450042725,5.8213394368067384e-05
213,213,1.845241904258728,0.30802735686302185,5.882309778826311e-05
214,214,1.7219996452331543,0.3080044686794281,5.8524252381175756e-05
215,215,1.8782384395599365,0.3078020513057709,5.849376611877233e-05
216,216,1.828744649887085,0.30777785181999207,5.839596997248009e-05
217,217,1.9140692949295044,0.30797311663627625,5.8329751482233405e-05
218,218,2.0129284858703613,0.308024138212204,5.846239946549758e-05
219,219,1.8568775653839111,0.30816251039505005,5.862053876626305e-05
220,220,1.799587607383728,0.30825361609458923,5.846346903126687e-05
221,221,1.739120602607727,0.3085692524909973,5.8567271480569616e-05
222,222,1.7226306200027466,0.30855563282966614,5.884766869712621e-05
223,223,1.6729289293289185,0.3085070550441742,5.833739851368591e-05
224,224,1.966873288154602,0.3082147240638733,5.838785000378266e-05
225,225,1.6705325841903687,0.3080404996871948,5.862460966454819e-05
226,226,1.7468352317810059,0.30827051401138306,5.8394572988618165e-05
227,227,1.7415060997009277,0.3082542419433594,5.84404515393544e-05
228,228,1.7948817014694214,0.3083783686161041,5.8501736930338666e-05
229,229,1.9186605215072632,0.30819928646087646,5.8733454352477565e-05
230,230,1.9022042751312256,0.3082035481929779,5.858521399204619e-05
231,231,1.8224430084228516,0.30823782086372375,5.8477584389038384e-05
232,232,1.6879968643188477,0.3082607090473175,5.850783782079816e-05
233,233,1.9764292240142822,0.3083394467830658,5.8702120441012084e-05
234,234,1.830102562904358,0.30823206901550293,5.889622843824327e-05
235,235,1.8143752813339233,0.3081161379814148,5.8457917475607246e-05
236,236,1.6757538318634033,0.3082839250564575,5.848429645993747e-05
237,237,1.6449155807495117,0.30831173062324524,5.861296449438669e-05
238,238,1.7574961185455322,0.30858850479125977,5.8646866818889976e-05
239,239,1.705851674079895,0.30849263072013855,5.8454508689465e-05
240,240,1.7704036235809326,0.30874916911125183,5.844133556820452e-05
241,241,1.731550931930542,0.30887120962142944,5.932688509346917e-05
242,242,1.8017498254776,0.30883243680000305,5.889774547540583e-05
243,243,1.6985126733779907,0.30892083048820496,5.867593426955864e-05
244,244,1.6988445520401,0.30898818373680115,5.842868995387107e-05
245,245,1.8278168439865112,0.3089268207550049,5.849920853506774e-05
246,246,1.780812382698059,0.308902382850647,5.867299478268251e-05
247,247,1.7393364906311035,0.30898576974868774,5.937807509326376e-05
248,248,1.8685133457183838,0.30876028537750244,5.852640970260836e-05
249,249,1.843428373336792,0.3087064027786255,5.861756289959885e-05
250,250,1.7845035791397095,0.3084836006164551,5.868002335773781e-05
251,251,1.6459476947784424,0.30848658084869385,5.862338002771139e-05
252,252,1.7051723003387451,0.30880552530288696,5.850254819961265e-05
253,253,1.756136417388916,0.3088454008102417,5.875716669834219e-05
254,254,1.7989438772201538,0.308834046125412,5.858043004991487e-05
255,255,1.804606318473816,0.30898037552833557,5.8737008657772094e-05
256,256,1.7728018760681152,0.30886441469192505,5.8707348216557875e-05
257,257,1.7208510637283325,0.30896544456481934,5.910728214075789e-05
258,258,1.6848188638687134,0.30897942185401917,5.8388606703374535e-05
259,259,1.7603349685668945,0.3090466856956482,5.8639310736907646e-05
260,260,1.7135655879974365,0.30896297097206116,5.9070145653095096e-05
261,261,1.6771537065505981,0.3093084692955017,5.8484325563767925e-05
262,262,1.816331148147583,0.30890312790870667,5.850270827068016e-05
263,263,1.7465647459030151,0.3088752329349518,5.853660695720464e-05
264,264,1.7863582372665405,0.3088233172893524,5.853069160366431e-05
265,265,1.8474880456924438,0.30903539061546326,5.86642709095031e-05
266,266,1.938780426979065,0.3092145323753357,5.850482557434589e-05
267,267,1.7629562616348267,0.3091830313205719,5.8355759392725304e-05
268,268,1.830736756324768,0.3090158998966217,5.8555902796797454e-05
269,269,1.6519708633422852,0.30901217460632324,5.8404832088854164e-05
270,270,1.7316077947616577,0.308952271938324,5.845011037308723e-05
271,271,1.9574356079101562,0.3091866672039032,5.862667239853181e-05
272,272,1.6829769611358643,0.3090455234050751,5.8773770433617756e-05
273,273,1.7954329252243042,0.308933287858963,5.858984150108881e-05
274,274,1.7370502948760986,0.30910661816596985,5.858861550223082e-05
275,275,1.6105238199234009,0.30908018350601196,5.84550216444768e-05
276,276,1.625450849533081,0.30933672189712524,5.873504051123746e-05
277,277,1.6844251155853271,0.3091779351234436,5.858531585545279e-05
278,278,1.7460007667541504,0.30938342213630676,5.92290198255796e-05
279,279,1.63457453250885,0.3094995319843292,5.8455203543417156e-05
280,280,1.747674584388733,0.30954626202583313,5.823493120260537e-05
281,281,1.664661169052124,0.3097729980945587,5.8489742514211684e-05
282,282,1.8048714399337769,0.3097047209739685,5.86171772738453e-05
283,283,1.6730703115463257,0.3095974922180176,5.897713344893418e-05
284,284,1.7249619960784912,0.309426486492157,5.82258180656936e-05
285,285,1.7366560697555542,0.30933812260627747,5.874138150829822e-05
286,286,1.647857427597046,0.3095691502094269,5.848106593475677e-05
287,287,1.9402793645858765,0.309626042842865,5.846000567544252e-05
288,288,1.662540078163147,0.30971139669418335,5.861761746928096e-05
289,289,1.6053508520126343,0.30979272723197937,5.850297020515427e-05
290,290,1.7121543884277344,0.3099276125431061,5.8408659242559224e-05
291,291,1.6652896404266357,0.30994459986686707,5.882431651116349e-05
292,292,1.5881907939910889,0.30985769629478455,5.840833546244539e-05
293,293,1.6634719371795654,0.30987548828125,5.8447960327612236e-05
294,294,1.6633682250976562,0.30982810258865356,5.875233546248637e-05
295,295,1.6323957443237305,0.3097456395626068,5.852919275639579e-05
296,296,1.8230303525924683,0.3096970319747925,5.863671685801819e-05
297,297,1.736970067024231,0.30985844135284424,5.8442055888008326e-05
298,298,1.774372935295105,0.3100062906742096,5.843248072778806e-05
299,299,1.6063613891601562,0.3100818693637848,5.86444184591528e-05
300,300,1.6683818101882935,0.31019553542137146,5.8501736930338666e-05
301,301,1.5982394218444824,0.3102978765964508,5.861024328623898e-05
302,302,1.5649936199188232,0.31020036339759827,5.850074012414552e-05
303,303,1.6127996444702148,0.3103487193584442,5.8539601013762876e-05
304,304,1.6982290744781494,0.31032857298851013,5.846796921105124e-05
305,305,1.775362491607666,0.31057852506637573,5.8791134506464005e-05
306,306,1.704707145690918,0.31034600734710693,5.836514901602641e-05
307,307,1.64200758934021,0.31041020154953003,5.916389272897504e-05
308,308,1.5941826105117798,0.3099478483200073,5.829149449709803e-05
309,309,1.6641408205032349,0.3098200857639313,5.879921081941575e-05
310,310,1.7216699123382568,0.3099212050437927,5.8398276451043785e-05
311,311,1.6623010635375977,0.3102547526359558,5.879389209439978e-05
312,312,1.7272326946258545,0.31030958890914917,5.861652607563883e-05
313,313,1.6678169965744019,0.3103587329387665,5.8596830058377236e-05
314,314,1.6065027713775635,0.31030118465423584,5.845015402883291e-05
315,315,1.6515257358551025,0.31019774079322815,5.877807780052535e-05
316,316,1.5922038555145264,0.3102954030036926,5.9023899666499346e-05
317,317,1.5982838869094849,0.31021520495414734,5.8351368352305144e-05
318,318,1.6466525793075562,0.31047186255455017,5.901905024074949e-05
319,319,1.6080578565597534,0.31056657433509827,5.8491918025538325e-05
320,320,1.6086845397949219,0.3106064796447754,5.8616220485419035e-05
321,321,1.6206685304641724,0.3106479346752167,5.857458017999306e-05
322,322,1.5665922164916992,0.3106893002986908,5.90600429859478e-05
323,323,1.7819877862930298,0.310794472694397,5.870658787898719e-05
324,324,1.5462913513183594,0.3107246160507202,5.8466888731345534e-05
325,325,1.581255555152893,0.3107540011405945,5.8421966969035566e-05
326,326,1.7489954233169556,0.31068265438079834,5.848856380907819e-05
327,327,1.6286245584487915,0.310589462518692,5.8301357057644054e-05
328,328,1.6041789054870605,0.3106105923652649,5.839228833792731e-05
329,329,1.6899769306182861,0.3107183575630188,5.8366127632325515e-05
330,330,1.5612229108810425,0.31077954173088074,5.8464873291086406e-05
331,331,1.584810495376587,0.31067705154418945,5.8492620155448094e-05
332,332,1.5766404867172241,0.3106999397277832,5.829992733197287e-05
333,333,1.7490592002868652,0.31088346242904663,5.839107689098455e-05
334,334,1.645357370376587,0.3108622133731842,5.860584496986121e-05
335,335,1.6136635541915894,0.3107059597969055,5.842725295224227e-05
336,336,1.6772419214248657,0.3107478618621826,5.852741014678031e-05
337,337,1.642481803894043,0.3106544613838196,5.848424189025536e-05
338,338,1.7051650285720825,0.3107954263687134,5.895592039451003e-05
339,339,1.6537871360778809,0.31067389249801636,5.8487054047873244e-05
340,340,1.6604082584381104,0.31080782413482666,5.838308788952418e-05
341,341,1.6427253484725952,0.3108513355255127,5.853765833307989e-05
342,342,1.6577571630477905,0.3108947277069092,5.845490159117617e-05
343,343,1.5942884683609009,0.31087878346443176,5.8485413319431245e-05
344,344,1.4892888069152832,0.31091272830963135,5.854272239957936e-05
345,345,1.6358892917633057,0.3110138773918152,5.851736932527274e-05
346,346,1.7005912065505981,0.31099313497543335,5.860337114427239e-05
347,347,1.740585446357727,0.3110562562942505,5.8595684095053e-05
348,348,1.6774470806121826,0.31096869707107544,5.851137757417746e-05
349,349,1.7123655080795288,0.3109452426433563,5.839925506734289e-05
350,350,1.566234827041626,0.3108610510826111,5.863291517016478e-05
351,351,1.6575846672058105,0.31084999442100525,5.861556201125495e-05
352,352,1.5594866275787354,0.3109644949436188,5.8475270634517074e-05
353,353,1.6262239217758179,0.3110623061656952,5.839786899741739e-05
354,354,1.564860463142395,0.3110685348510742,5.847058127983473e-05
355,355,1.6091890335083008,0.31108778715133667,5.898226299905218e-05
356,356,1.6188337802886963,0.31103619933128357,5.8494708355283365e-05
357,357,1.6418066024780273,0.3112107813358307,5.874179623788223e-05
358,358,1.5863916873931885,0.31108495593070984,5.847366264788434e-05
359,359,1.6138479709625244,0.3111627995967865,5.857910218765028e-05
360,360,1.4819329977035522,0.3111265003681183,5.8499736041994765e-05
361,361,1.6922889947891235,0.31125062704086304,5.843343024025671e-05
362,362,1.5579285621643066,0.31123805046081543,5.955427695880644e-05
363,363,1.6334314346313477,0.31136786937713623,5.8586985687725246e-05
364,364,1.5104557275772095,0.3113831579685211,5.847643478773534e-05
365,365,1.6115329265594482,0.3114505112171173,5.881354081793688e-05
366,366,1.7357606887817383,0.31136268377304077,5.8709636505227536e-05
367,367,1.5541348457336426,0.31135836243629456,5.863984188181348e-05
368,368,1.667208194732666,0.3113445043563843,5.8344601711723953e-05
369,369,1.6052955389022827,0.31163573265075684,5.87614304095041e-05
370,370,1.6700087785720825,0.3115779459476471,5.815773693029769e-05
371,371,1.5945996046066284,0.31139394640922546,5.844792030984536e-05
372,372,1.6139336824417114,0.3113727867603302,5.832545502926223e-05
373,373,1.6178369522094727,0.3113933503627777,5.848835644428618e-05
374,374,1.711906909942627,0.31142935156822205,5.871409302926622e-05
375,375,1.6510745286941528,0.3113078474998474,5.852855974808335e-05
376,376,1.5253820419311523,0.31146782636642456,5.8626588725019246e-05
377,377,1.6380982398986816,0.3114689290523529,5.8296129282098264e-05
378,378,1.5324712991714478,0.3116634488105774,5.861118916072883e-05
379,379,1.5618997812271118,0.31179505586624146,5.848065484315157e-05
380,380,1.6118862628936768,0.3116629719734192,5.8511821407591924e-05
381,381,1.6154171228408813,0.31171169877052307,5.850048182765022e-05
382,382,1.5872479677200317,0.3115353286266327,5.845463601872325e-05
383,383,1.5383110046386719,0.31172195076942444,5.8674024330684915e-05
384,384,1.6756881475448608,0.311552494764328,5.83854598517064e-05
385,385,1.5642460584640503,0.3118113875389099,5.869699452887289e-05
386,386,1.6059836149215698,0.31169846653938293,5.8409670600667596e-05
387,387,1.7062098979949951,0.3115556240081787,5.8522677136352286e-05
388,388,1.6761059761047363,0.31152108311653137,5.882551704416983e-05
389,389,1.5674997568130493,0.3114025592803955,5.9071036957902834e-05
390,390,1.597067952156067,0.3112863004207611,5.8591540437191725e-05
391,391,1.60635244846344,0.311414510011673,5.862489706487395e-05
392,392,1.5851637125015259,0.31157538294792175,5.857498763361946e-05
393,393,1.5220162868499756,0.3115292489528656,5.8679430367192253e-05
394,394,1.5966451168060303,0.3116503357887268,5.843866529176012e-05
395,395,1.5528749227523804,0.31163477897644043,5.8828685723710805e-05
396,396,1.5004299879074097,0.31171202659606934,5.854078335687518e-05
397,397,1.5603463649749756,0.31166520714759827,5.894908827031031e-05
398,398,1.5216593742370605,0.3118232786655426,5.872117617400363e-05
399,399,1.5746203660964966,0.3118644058704376,5.8607663959264755e-05
400,400,1.632279634475708,0.31182923913002014,5.835894262418151e-05
401,401,1.4602642059326172,0.31205904483795166,5.8662430092226714e-05
402,402,1.5275949239730835,0.3119991719722748,5.841086749569513e-05
403,403,1.5090373754501343,0.3119071125984192,5.914667053730227e-05
404,404,1.5395570993423462,0.31182318925857544,5.8432389778317884e-05
405,405,1.741611123085022,0.3120788633823395,5.847484862897545e-05
406,406,1.5913543701171875,0.3119527995586395,5.8628615079214796e-05
407,407,1.5574884414672852,0.31204211711883545,5.862947728019208e-05
408,408,1.6789921522140503,0.3119896948337555,5.82630091230385e-05
409,409,1.5040678977966309,0.3120485246181488,5.852548565599136e-05
410,410,1.5560038089752197,0.3120385706424713,5.849976878380403e-05
411,411,1.488657832145691,0.31198275089263916,5.860531018697657e-05
412,412,1.598955512046814,0.31191086769104004,5.869693268323317e-05
413,413,1.5500506162643433,0.312063992023468,5.8540266763884574e-05
414,414,1.5614093542099,0.31229445338249207,5.8553025155561045e-05
415,415,1.495036244392395,0.31229615211486816,5.8357709349365905e-05
416,416,1.5225821733474731,0.3123498857021332,5.855645940755494e-05
417,417,1.5130391120910645,0.31235334277153015,5.86221030971501e-05
418,418,1.510124921798706,0.3123668134212494,5.841577149112709e-05
419,419,1.551836371421814,0.31233835220336914,5.89509290875867e-05
420,420,1.6157411336898804,0.3124047815799713,5.8402103604748845e-05
421,421,1.5846936702728271,0.31231361627578735,5.85965535719879e-05
422,422,1.5393896102905273,0.31236934661865234,5.8689623983809724e-05
423,423,1.666561484336853,0.3124355375766754,5.860830788151361e-05
424,424,1.543587327003479,0.3122713267803192,5.841601159772836e-05
425,425,1.6133679151535034,0.3121778666973114,5.856934512848966e-05
426,426,1.5893634557724,0.31218093633651733,5.842791870236397e-05
427,427,1.558684229850769,0.3123558461666107,5.866518768016249e-05
428,428,1.5190789699554443,0.3123539090156555,5.8840880228672177e-05
429,429,1.7217257022857666,0.3124381899833679,5.828540088259615e-05
430,430,1.480175495147705,0.3123610317707062,5.868780499440618e-05
431,431,1.4590864181518555,0.3124876618385315,5.858487929799594e-05
432,432,1.5331318378448486,0.31246671080589294,5.923323624301702e-05
433,433,1.530173897743225,0.31232795119285583,5.849750596098602e-05
434,434,1.5693289041519165,0.31255850195884705,5.840334415552206e-05
435,435,1.5079845190048218,0.3125694692134857,5.8640638599172235e-05
436,436,1.5916730165481567,0.31263303756713867,5.853533002664335e-05
437,437,1.654528021812439,0.312603622674942,5.905150101170875e-05
438,438,1.4770855903625488,0.31261542439460754,5.8557914599077776e-05
439,439,1.493251085281372,0.3126550316810608,5.848286673426628e-05
440,440,1.6204133033752441,0.31277698278427124,5.8459943829802796e-05
441,441,1.514218807220459,0.3126816153526306,5.850242814631201e-05
442,442,1.5202871561050415,0.3126916289329529,5.842028258484788e-05
443,443,1.5307523012161255,0.3125809133052826,5.8338497183285654e-05
444,444,1.4219406843185425,0.3126643896102905,5.842220343765803e-05
445,445,1.5553878545761108,0.3127240538597107,5.8444296882953495e-05
446,446,1.4868499040603638,0.31258508563041687,5.89523151575122e-05
447,447,1.4469512701034546,0.31252336502075195,5.847058127983473e-05
448,448,1.6005302667617798,0.3126978278160095,5.840866288053803e-05
449,449,1.4914603233337402,0.31267112493515015,5.8429937780601904e-05
450,450,1.5580652952194214,0.3125953674316406,5.844634506502189e-05
451,451,1.638231635093689,0.3125746548175812,5.866699939360842e-05
452,452,1.623323917388916,0.31241926550865173,5.846128624398261e-05
453,453,1.5333763360977173,0.3126694858074188,5.846590283908881e-05
454,454,1.4804474115371704,0.3126060366630554,5.877967851120047e-05
455,455,1.4542300701141357,0.31259050965309143,5.848566070199013e-05
456,456,1.5258188247680664,0.3126172423362732,5.914090797887184e-05
457,457,1.4984707832336426,0.312625527381897,5.844434053869918e-05
458,458,1.4849884510040283,0.31265518069267273,5.852715912624262e-05
459,459,1.6001307964324951,0.3127460777759552,5.8417190302861854e-05
460,460,1.6501604318618774,0.31261172890663147,5.838074866915122e-05
461,461,1.5397700071334839,0.3124895691871643,5.86333371757064e-05
462,462,1.4982666969299316,0.31265923380851746,5.8184836234431714e-05
463,463,1.515060544013977,0.31248778104782104,5.838601282448508e-05
464,464,1.5461007356643677,0.3125174343585968,5.919714385527186e-05
465,465,1.5331450700759888,0.3126608431339264,5.853340189787559e-05
466,466,1.4952991008758545,0.3126353323459625,5.843738836119883e-05
467,467,1.4911789894104004,0.312669038772583,5.905415309825912e-05
468,468,1.6070863008499146,0.3127244710922241,5.850024172104895e-05
469,469,1.4992152452468872,0.3127151429653168,5.86686801398173e-05
470,470,1.489585041999817,0.3127763569355011,5.8592329878592864e-05
471,471,1.512454628944397,0.3127604126930237,5.8576202718541026e-05
472,472,1.504207968711853,0.3127348721027374,5.854123446624726e-05
473,473,1.5850011110305786,0.3127443492412567,5.8267320127924904e-05
474,474,1.4794634580612183,0.3127079904079437,5.852721369592473e-05
475,475,1.5743753910064697,0.3127252161502838,5.8271860325476155e-05
476,476,1.6568351984024048,0.31289026141166687,5.838900324306451e-05
477,477,1.6006871461868286,0.31288665533065796,5.890661486773752e-05
478,478,1.5685361623764038,0.31285515427589417,5.862387843080796e-05
479,479,1.6429129838943481,0.3128304183483124,5.8637750043999404e-05
480,480,1.6348475217819214,0.3127075433731079,5.849475564900786e-05
481,481,1.4837268590927124,0.3126918375492096,5.8501602325122803e-05
482,482,1.4336574077606201,0.31275999546051025,5.843086910317652e-05
483,483,1.439125657081604,0.3127596080303192,5.8476096455706283e-05
484,484,1.5182174444198608,0.3127564787864685,5.8370405895402655e-05
485,485,1.4493541717529297,0.31269875168800354,5.8549449022393674e-05
486,486,1.5143518447875977,0.3128573000431061,5.8648420235840604e-05
487,487,1.5145994424819946,0.3129972517490387,5.833949035149999e-05
488,488,1.4955439567565918,0.3128809630870819,5.8875069953501225e-05
489,489,1.4967764616012573,0.31300002336502075,5.8522404287941754e-05
490,490,1.4447094202041626,0.3129618763923645,5.8456218539504334e-05
491,491,1.4839856624603271,0.31298187375068665,5.855214112671092e-05
492,492,1.4564963579177856,0.3131674528121948,5.9073950978927314e-05
493,493,1.460324764251709,0.3131375014781952,5.8644101954996586e-05
494,494,1.5312436819076538,0.3132129907608032,5.837897697347216e-05
495,495,1.5651670694351196,0.313268780708313,5.850424713571556e-05
496,496,1.4935535192489624,0.31305864453315735,5.834739931742661e-05
497,497,1.5941451787948608,0.3131202757358551,5.864684499101713e-05
498,498,1.5549113750457764,0.31308603286743164,5.8575365983415395e-05
499,499,1.514488935470581,0.31305646896362305,5.8841083955485374e-05
500,500,1.536725640296936,0.3131130039691925,5.926874291617423e-05
501,501,1.4655680656433105,0.31307485699653625,5.854571281815879e-05
502,502,1.460168480873108,0.31319406628608704,5.843694452778436e-05
503,503,1.4850080013275146,0.31318727135658264,5.841683014295995e-05
504,504,1.474591612815857,0.31318020820617676,5.829319707117975e-05
505,505,1.4445781707763672,0.31326305866241455,5.8370103943161666e-05
506,506,1.4820616245269775,0.31320279836654663,5.841172969667241e-05
507,507,1.4905483722686768,0.3132433295249939,5.850633533555083e-05
508,508,1.5615209341049194,0.3133065104484558,5.868584776180796e-05
509,509,1.5416845083236694,0.31346240639686584,5.838041761307977e-05
510,510,1.4849799871444702,0.3133298456668854,5.9037036407971755e-05
511,511,1.4479916095733643,0.3133024573326111,5.851424066349864e-05
512,512,1.4961793422698975,0.31337010860443115,5.8430672652320936e-05
513,513,1.4607924222946167,0.3133661150932312,5.846408384968527e-05
514,514,1.4987623691558838,0.31330251693725586,5.8548983361106366e-05
515,515,1.5264294147491455,0.3133934736251831,5.8523117331787944e-05
516,516,1.4782804250717163,0.31333404779434204,5.878010779269971e-05
517,517,1.614070177078247,0.313446581363678,5.849138688063249e-05
518,518,1.4130080938339233,0.31341230869293213,5.860804958501831e-05
519,519,1.4749319553375244,0.3132818639278412,5.8534111303742975e-05
520,520,1.5675554275512695,0.3132704496383667,5.861205863766372e-05
521,521,1.4919681549072266,0.3133825361728668,5.8459056162973866e-05
522,522,1.5207487344741821,0.31342679262161255,5.871647226740606e-05
523,523,1.563501238822937,0.313375860452652,5.857676296727732e-05
524,524,1.4080806970596313,0.31352078914642334,5.851981768500991e-05
525,525,1.4553711414337158,0.3135598599910736,5.866397623321973e-05
526,526,1.468778133392334,0.313484787940979,5.847104694112204e-05
527,527,1.4526755809783936,0.3135617971420288,5.835879346705042e-05
528,528,1.495623230934143,0.3135422170162201,5.845975101692602e-05
529,529,1.5026054382324219,0.3136175870895386,5.8606739912647754e-05
530,530,1.493085503578186,0.31365320086479187,5.8439203712623566e-05
531,531,1.5654523372650146,0.3136007785797119,5.8479497965890914e-05
532,532,1.4594758749008179,0.3136267066001892,5.852961476193741e-05
533,533,1.4701892137527466,0.3136427104473114,5.8464313042350113e-05
534,534,1.462233543395996,0.3137078881263733,5.8689074649009854e-05
535,535,1.520854115486145,0.3137584924697876,5.905822399654426e-05
536,536,1.5441741943359375,0.31376561522483826,5.83553992328234e-05
537,537,1.5989527702331543,0.31366315484046936,5.849612352903932e-05
538,538,1.5052305459976196,0.3134472072124481,5.8377187087899074e-05
539,539,1.4414198398590088,0.3135377764701843,5.930814586463384e-05
540,540,1.499468445777893,0.31350424885749817,5.8440768043510616e-05
541,541,1.4791332483291626,0.3133929371833801,5.8465226175030693e-05
542,542,1.4960874319076538,0.31347811222076416,5.871964094694704e-05
543,543,1.5041195154190063,0.31346407532691956,5.858440636075102e-05
544,544,1.5148967504501343,0.31346362829208374,5.8600369811756536e-05
545,545,1.4917759895324707,0.3136366009712219,5.861140743945725e-05
546,546,1.445014476776123,0.31357255578041077,5.846881686011329e-05
547,547,1.5603688955307007,0.3135682940483093,5.8500012528384104e-05
548,548,1.5300906896591187,0.31355106830596924,5.8478508435655385e-05
549,549,1.5705028772354126,0.3136371076107025,5.861807585461065e-05
550,550,1.4291743040084839,0.31377530097961426,5.8489466027822345e-05
551,551,1.4344203472137451,0.3136860430240631,5.848235377925448e-05
552,552,1.4592376947402954,0.31367525458335876,5.847879219800234e-05
553,553,1.5521758794784546,0.31356170773506165,5.870044697076082e-05
554,554,1.514284372329712,0.31359416246414185,5.876103386981413e-05
555,555,1.4396839141845703,0.3134608566761017,5.86124078836292e-05
556,556,1.5393378734588623,0.3136548101902008,5.853864786331542e-05
557,557,1.5277248620986938,0.31357261538505554,5.836916534462944e-05
558,558,1.3999179601669312,0.313617080450058,5.8675774198491126e-05
559,559,1.5078681707382202,0.3136724531650543,5.850079105584882e-05
560,560,1.4522936344146729,0.3136291801929474,5.861193494638428e-05
561,561,1.4597368240356445,0.3137507438659668,5.8424469898454845e-05
562,562,1.4937758445739746,0.31362760066986084,5.879286254639737e-05
563,563,1.525353193283081,0.31381404399871826,5.856415373273194e-05
564,564,1.4693890810012817,0.313851535320282,5.842848258907907e-05
565,565,1.4379795789718628,0.3138763904571533,5.857088399352506e-05
566,566,1.4182995557785034,0.31390583515167236,5.852404501638375e-05
567,567,1.4189205169677734,0.3139408528804779,5.8451525546843186e-05
568,568,1.3900991678237915,0.3139258623123169,5.848609362146817e-05
569,569,1.5076652765274048,0.31399303674697876,5.929004692006856e-05
570,570,1.5285109281539917,0.31405994296073914,5.863462865818292e-05
571,571,1.539219617843628,0.31396573781967163,5.890869579161517e-05
572,572,1.5644067525863647,0.3138796389102936,5.845939813298173e-05
573,573,1.5078917741775513,0.31397828459739685,5.8519424783298746e-05
574,574,1.4334841966629028,0.3139914274215698,5.847397551406175e-05
575,575,1.4156464338302612,0.3140399754047394,5.858976874151267e-05
576,576,1.532578468322754,0.31412091851234436,5.839032746735029e-05
577,577,1.4849064350128174,0.313945472240448,5.8387704484630376e-05
578,578,1.5064502954483032,0.31379234790802,5.8984649513149634e-05
579,579,1.5017428398132324,0.3138836920261383,5.866854189662263e-05
580,580,1.4855525493621826,0.3138855993747711,5.867587969987653e-05
581,581,1.5254039764404297,0.31393760442733765,5.835159754496999e-05
582,582,1.5541691780090332,0.3139774203300476,5.844725092174485e-05
583,583,1.4415462017059326,0.3139750063419342,5.849350418429822e-05
584,584,1.441604733467102,0.313937783241272,5.841526945005171e-05
585,585,1.4326492547988892,0.3140742778778076,5.849465014762245e-05
586,586,1.4175539016723633,0.31403353810310364,5.8456505939830095e-05
587,587,1.4546040296554565,0.3140273988246918,5.8488389186095446e-05
588,588,1.4209264516830444,0.3140709400177002,5.847360080224462e-05
589,589,1.5974721908569336,0.3140180706977844,5.861450335942209e-05
590,590,1.5093010663986206,0.314127653837204,5.84857989451848e-05
591,591,1.3966904878616333,0.3141646981239319,5.8348003221908584e-05
592,592,1.4993574619293213,0.31428948044776917,5.932084241067059e-05
593,593,1.4546931982040405,0.31416216492652893,5.8489302318776026e-05
594,594,1.492800235748291,0.3142825663089752,5.857502401340753e-05
595,595,1.4437758922576904,0.31416070461273193,5.8454443205846474e-05
596,596,1.4450401067733765,0.31421250104904175,5.847874126629904e-05
597,597,1.4395760297775269,0.31421905755996704,5.8848963817581534e-05
598,598,1.4736775159835815,0.3143427073955536,5.849907756783068e-05
599,599,1.4203400611877441,0.3143010139465332,5.841394158778712e-05
600,600,1.471580147743225,0.31433340907096863,5.858656732016243e-05
601,601,1.4369593858718872,0.31426557898521423,5.844120096298866e-05
602,602,1.4756872653961182,0.31437253952026367,5.8393234212417156e-05
603,603,1.4109607934951782,0.3143542408943176,5.856267671333626e-05
604,604,1.4261890649795532,0.3143104314804077,5.846845670021139e-05
605,605,1.435470461845398,0.314371258020401,5.8562567573972046e-05
606,606,1.4146548509597778,0.31440314650535583,5.851700188941322e-05
607,607,1.5040313005447388,0.31430914998054504,5.862653415533714e-05
608,608,1.4337869882583618,0.3143075108528137,5.866134961252101e-05
609,609,1.4298824071884155,0.3143848180770874,5.847249485668726e-05
610,610,1.431096076965332,0.3143763542175293,5.925018194830045e-05
611,611,1.4295265674591064,0.31432926654815674,5.8656849432736635e-05
612,612,1.4318327903747559,0.3144531846046448,5.8401965361554176e-05
613,613,1.4416452646255493,0.31445813179016113,5.8756071666721255e-05
614,614,1.4412990808486938,0.3143617510795593,5.851845708093606e-05
615,615,1.4890265464782715,0.3143147826194763,5.852431058883667e-05
616,616,1.4590413570404053,0.31443318724632263,5.846357089467347e-05
617,617,1.4409493207931519,0.31432774662971497,5.874495764146559e-05
618,618,1.471952199935913,0.3143613636493683,5.845472333021462e-05
619,619,1.4242373704910278,0.31428948044776917,5.8510555390967056e-05
620,620,1.4070677757263184,0.3143036663532257,5.8471017837291583e-05
621,621,1.485216498374939,0.3143310248851776,5.850967136211693e-05
622,622,1.517392635345459,0.3143565356731415,5.855719427927397e-05
623,623,1.437687635421753,0.31446096301078796,5.8748115407070145e-05
624,624,1.402004599571228,0.3144558072090149,5.8797901147045195e-05
625,625,1.5479214191436768,0.3145115077495575,5.83163091505412e-05
626,626,1.4943803548812866,0.31445351243019104,5.84940098633524e-05
627,627,1.451621413230896,0.31442680954933167,5.908037201152183e-05
628,628,1.3943076133728027,0.3143731951713562,5.856731877429411e-05
629,629,1.515548586845398,0.3144593834877014,5.8834764786297455e-05
630,630,1.4162938594818115,0.31445640325546265,5.842048267368227e-05
631,631,1.452025294303894,0.3145284652709961,5.865638377144933e-05
632,632,1.394593358039856,0.3144499957561493,5.8472618547966704e-05
633,633,1.5221643447875977,0.3144896328449249,5.845637133461423e-05
634,634,1.4477444887161255,0.3145335018634796,5.9222471463726833e-05
635,635,1.4373546838760376,0.3145958185195923,5.854454138898291e-05
636,636,1.460586428642273,0.3145734369754791,5.859485099790618e-05
637,637,1.4334603548049927,0.31460487842559814,5.846845670021139e-05
638,638,1.5457974672317505,0.3144839107990265,5.913399945711717e-05
639,639,1.4234340190887451,0.31438907980918884,5.843528560944833e-05
640,640,1.4405741691589355,0.31443166732788086,5.8555051509756595e-05
641,641,1.456253170967102,0.31442543864250183,5.842721293447539e-05
642,642,1.3917713165283203,0.314449280500412,5.872915789950639e-05
643,643,1.4321234226226807,0.31452375650405884,5.843508552061394e-05
644,644,1.3883612155914307,0.31451278924942017,5.842512837261893e-05
645,645,1.444563865661621,0.3145526349544525,5.8576904848450795e-05
646,646,1.4494770765304565,0.31464335322380066,5.874856287846342e-05
647,647,1.4957304000854492,0.3146057724952698,5.85470006626565e-05
648,648,1.4603615999221802,0.31456589698791504,5.844439874636009e-05
649,649,1.4544668197631836,0.3145899772644043,5.8416277170181274e-05
650,650,1.4263253211975098,0.3146854639053345,5.858326403540559e-05
651,651,1.4179593324661255,0.31470227241516113,5.844431871082634e-05
652,652,1.410079836845398,0.3147183656692505,5.8520286984276026e-05
653,653,1.4593297243118286,0.31460219621658325,5.848107684869319e-05
654,654,1.4000396728515625,0.3145556151866913,5.935318040428683e-05
655,655,1.4580461978912354,0.31467145681381226,5.9163125115446746e-05
656,656,1.4121191501617432,0.3145463764667511,5.835900810780004e-05
657,657,1.4390560388565063,0.31473925709724426,5.853021866641939e-05
658,658,1.3904180526733398,0.3147488534450531,5.8447225455893204e-05
659,659,1.417676568031311,0.31480690836906433,5.846310523338616e-05
660,660,1.4936816692352295,0.3147217035293579,5.909800893277861e-05
661,661,1.4166951179504395,0.3148820400238037,5.8361125411465764e-05
662,662,1.370652437210083,0.3148483633995056,5.8864025049842894e-05
663,663,1.4159902334213257,0.31497806310653687,5.8815450756810606e-05
664,664,1.4185240268707275,0.3149372339248657,5.880500248167664e-05
665,665,1.5161969661712646,0.31474757194519043,5.885847713216208e-05
666,666,1.406056523323059,0.31485527753829956,5.84370136493817e-05
667,667,1.45103919506073,0.31479528546333313,5.866118226549588e-05
668,668,1.4296647310256958,0.31477561593055725,5.851302921655588e-05
669,669,1.4074969291687012,0.3148824870586395,5.839185541844927e-05
670,670,1.4392013549804688,0.31484392285346985,5.855108247487806e-05
671,671,1.403502345085144,0.3147825002670288,5.836351556354202e-05
672,672,1.4486216306686401,0.3148171901702881,5.8893758250633255e-05
673,673,1.4069616794586182,0.3148658275604248,5.844170300406404e-05
674,674,1.443474531173706,0.3149473965167999,5.8458794228499755e-05
675,675,1.4714499711990356,0.3148810565471649,5.838099241373129e-05
676,676,1.4337266683578491,0.314759761095047,5.831457383465022e-05
677,677,1.4330072402954102,0.3148671090602875,5.8264606195734814e-05
678,678,1.3873668909072876,0.31494855880737305,5.86027636018116e-05
679,679,1.395493507385254,0.31492114067077637,5.848401997354813e-05
680,680,1.4403105974197388,0.3149867057800293,5.916552254348062e-05
681,681,1.4970341920852661,0.3149398863315582,5.850199158885516e-05
682,682,1.46326744556427,0.3149922788143158,5.866036735824309e-05
683,683,1.4411743879318237,0.31511691212654114,5.84438894293271e-05
684,684,1.3811174631118774,0.3150409162044525,5.874551789020188e-05
685,685,1.5192598104476929,0.31511080265045166,5.863864134880714e-05
686,686,1.4724361896514893,0.3150518536567688,5.9032121498603374e-05
687,687,1.4278863668441772,0.314949631690979,5.8528396039037034e-05
688,688,1.4108128547668457,0.31500324606895447,5.856672578374855e-05
689,689,1.408594012260437,0.3150649964809418,5.846456770086661e-05
690,690,1.4874467849731445,0.3150191307067871,5.845570194651373e-05
691,691,1.4553626775741577,0.31496015191078186,5.859813609276898e-05
692,692,1.3926922082901,0.3149873614311218,5.837062417413108e-05
693,693,1.4371695518493652,0.3149639070034027,5.8432175137568265e-05
694,694,1.475415825843811,0.31502053141593933,5.8512632676865906e-05
695,695,1.4175004959106445,0.3150806128978729,5.959445479675196e-05
696,696,1.4037020206451416,0.31507155299186707,5.836500713485293e-05
697,697,1.414063811302185,0.31520965695381165,5.850736488355324e-05
698,698,1.3508085012435913,0.3151973485946655,5.8435442042537034e-05
699,699,1.3910727500915527,0.31524303555488586,5.8665391406975687e-05
700,700,1.3681104183197021,0.3152621388435364,5.8665318647399545e-05
701,701,1.4137119054794312,0.3152843713760376,5.852608592249453e-05
702,702,1.4109755754470825,0.315177857875824,5.8423505834070966e-05
703,703,1.4123790264129639,0.3151233196258545,5.854744813404977e-05
704,704,1.4261252880096436,0.3150155246257782,5.8414374507265165e-05
705,705,1.3939456939697266,0.3151666224002838,5.882396726519801e-05
706,706,1.3292076587677002,0.3151130974292755,5.8457117120269686e-05
707,707,1.3514416217803955,0.31514590978622437,5.8564219216350466e-05
708,708,1.3894147872924805,0.31511908769607544,5.8511555835139006e-05
709,709,1.4430614709854126,0.31513887643814087,5.842138489242643e-05
710,710,1.373118281364441,0.31512174010276794,5.90880008530803e-05
711,711,1.4006363153457642,0.31504637002944946,5.8381338021717966e-05
712,712,1.4277260303497314,0.3150806128978729,5.870770110050216e-05
713,713,1.4038004875183105,0.3152296245098114,5.844797851750627e-05
714,714,1.4237836599349976,0.3151282072067261,5.82754728384316e-05
715,715,1.3603410720825195,0.3150481879711151,5.8566420193528756e-05
716,716,1.4202220439910889,0.31515881419181824,5.843747203471139e-05
717,717,1.4027667045593262,0.31515663862228394,5.856471398146823e-05
718,718,1.4230756759643555,0.3152207136154175,5.888941086595878e-05
719,719,1.3515790700912476,0.3152155876159668,5.844775296282023e-05
720,720,1.3933476209640503,0.3152720034122467,5.870346649317071e-05
721,721,1.4369215965270996,0.3153200149536133,5.849677472724579e-05
722,722,1.4679182767868042,0.3153209090232849,5.8414701925357804e-05
723,723,1.4201058149337769,0.3153519630432129,5.840076119056903e-05
724,724,1.4486135244369507,0.3153585195541382,5.877669173059985e-05
725,725,1.408312201499939,0.31530582904815674,5.841598613187671e-05
726,726,1.388238787651062,0.3153110444545746,5.8544330386212096e-05
727,727,1.440694808959961,0.3153654932975769,5.8383338910061866e-05
728,728,1.384165644645691,0.3153234124183655,5.831300950376317e-05
729,729,1.4476512670516968,0.31520920991897583,5.834507101099007e-05
730,730,1.4222440719604492,0.3152579665184021,5.865825369255617e-05
731,731,1.4403355121612549,0.315187007188797,5.838692231918685e-05
732,732,1.4051159620285034,0.3151795268058777,5.84548688493669e-05
733,733,1.3560439348220825,0.31531038880348206,5.843050894327462e-05
734,734,1.3817124366760254,0.3152864873409271,5.849828085047193e-05
735,735,1.401764988899231,0.31534743309020996,5.847143256687559e-05
736,736,1.4207969903945923,0.31536564230918884,5.8794623328140005e-05
737,737,1.3959686756134033,0.3154088258743286,5.9005800721934065e-05
738,738,1.3883612155914307,0.31547942757606506,5.9012894780607894e-05
739,739,1.409614086151123,0.31543803215026855,5.8435427490621805e-05
740,740,1.4162101745605469,0.3152998685836792,5.843103281222284e-05
741,741,1.3787051439285278,0.3152516782283783,5.856502684764564e-05
742,742,1.3797252178192139,0.3152872622013092,5.8516674471320584e-05
743,743,1.4112277030944824,0.31537044048309326,5.8434725360712036e-05
744,744,1.4099355936050415,0.3153952360153198,5.8434314269106835e-05
745,745,1.3973673582077026,0.31546321511268616,5.871401299373247e-05
746,746,1.3814444541931152,0.31543609499931335,5.9213023632764816e-05
747,747,1.3709796667099,0.3153945803642273,5.8466186601435766e-05
748,748,1.3438153266906738,0.3154856264591217,5.880017124582082e-05
749,749,1.3776233196258545,0.3155148923397064,5.857991345692426e-05
750,750,1.4025137424468994,0.315598726272583,5.845966006745584e-05
751,751,1.407452940940857,0.31557559967041016,5.871695975656621e-05
752,752,1.3670191764831543,0.31562700867652893,5.876306749996729e-05
753,753,1.3867567777633667,0.3156433701515198,5.859183147549629e-05
754,754,1.3810580968856812,0.3155422508716583,5.8710487792268395e-05
755,755,1.3762613534927368,0.315541535615921,5.851368041476235e-05
756,756,1.4500133991241455,0.3156689703464508,5.855062772752717e-05
757,757,1.4154351949691772,0.31569942831993103,5.8465873735258356e-05
758,758,1.4436641931533813,0.3156434893608093,5.8470104704611003e-05
759,759,1.4140651226043701,0.31564563512802124,5.924424112890847e-05
760,760,1.3632607460021973,0.3156435787677765,5.836965283378959e-05
761,761,1.3724781274795532,0.31557875871658325,5.8567147789290175e-05
762,762,1.4243162870407104,0.31560349464416504,5.85539783060085e-05
763,763,1.3942480087280273,0.3154248893260956,5.842016980750486e-05
764,764,1.396440029144287,0.3154943585395813,5.846175190526992e-05
765,765,1.396851658821106,0.3154231607913971,5.8343597629573196e-05
766,766,1.4102245569229126,0.31549587845802307,5.841207894263789e-05
767,767,1.3712592124938965,0.31551510095596313,5.835480988025665e-05
768,768,1.4078717231750488,0.31552544236183167,5.8488116337684914e-05
769,769,1.3703703880310059,0.3155460059642792,5.8697780332295224e-05
770,770,1.3923004865646362,0.31568199396133423,5.839295408804901e-05
771,771,1.3665170669555664,0.3156810700893402,5.839265577378683e-05
772,772,1.375194787979126,0.3156522810459137,5.839414006914012e-05
773,773,1.4270108938217163,0.3156299889087677,5.8656598412198946e-05
774,774,1.42542564868927,0.3156954050064087,5.871768735232763e-05
775,775,1.428826928138733,0.3156738877296448,5.839006553287618e-05
776,776,1.3730539083480835,0.31571945548057556,5.843831968377344e-05
777,777,1.3339917659759521,0.3157151937484741,5.8450263168197125e-05
778,778,1.3687350749969482,0.31571900844573975,5.913537461310625e-05
779,779,1.3703731298446655,0.31566736102104187,5.8567973610479385e-05
780,780,1.369000792503357,0.3156120777130127,5.8607074606698006e-05
781,781,1.4020124673843384,0.3157595992088318,5.853906986885704e-05
782,782,1.4215797185897827,0.31576937437057495,5.876124487258494e-05
783,783,1.454987645149231,0.315731406211853,5.87794347666204e-05
784,784,1.4174045324325562,0.31564897298812866,5.8367277233628556e-05
785,785,1.3917837142944336,0.31573566794395447,5.83715591346845e-05
786,786,1.398621678352356,0.3157968819141388,5.8522404287941754e-05
787,787,1.424140453338623,0.3156973421573639,5.841889287694357e-05
788,788,1.4183498620986938,0.315788209438324,5.863080878043547e-05
789,789,1.3942041397094727,0.3157554864883423,5.856178904650733e-05
790,790,1.4032806158065796,0.3158031404018402,5.8416750107426196e-05
791,791,1.3680928945541382,0.3157978951931,5.849434091942385e-05
792,792,1.3536663055419922,0.31574615836143494,5.842068640049547e-05
793,793,1.3702573776245117,0.3157862424850464,5.8695426560007036e-05
794,794,1.40879487991333,0.3158649504184723,5.851119931321591e-05
795,795,1.4009519815444946,0.31589511036872864,5.8513334806775674e-05
796,796,1.4405715465545654,0.3159615397453308,5.846992280567065e-05
797,797,1.4759286642074585,0.3158450126647949,5.858184886164963e-05
798,798,1.3953213691711426,0.31579089164733887,5.845849227625877e-05
799,799,1.3968437910079956,0.31582459807395935,5.842346581630409e-05
800,800,1.3839843273162842,0.31579118967056274,5.8526518841972575e-05
801,801,1.3774152994155884,0.3158740699291229,5.86510359426029e-05
802,802,1.4101542234420776,0.3158710300922394,5.853888069395907e-05
803,803,1.4141745567321777,0.31583401560783386,5.8478457503952086e-05
804,804,1.340997576713562,0.31588757038116455,5.928424798185006e-05
805,805,1.3826770782470703,0.31594008207321167,5.851463720318861e-05
806,806,1.4095052480697632,0.3158663809299469,5.852831600350328e-05
